,Hour 1,Hour 2,Hour 3,Hour 4,Hour 5,Hour 6,Hour 7,Hour 8,Hour 9,Hour 10,Hour 11,Hour 12,Hour 13,Hour 14,Hour 15,Hour 16,Hour 17,Hour 18,Hour 19,Hour 20,Hour 21,Hour 22,Hour 23,Hour 24
Node 1,99.10564141399999,96.791717486,95.82402870199999,95.49048979199999,95.76715462000001,97.190233014,100.45384785799999,105.28267298799999,108.078868072,107.83893884,107.38946375999998,105.95501216,103.67379233599999,101.222719484,99.309373786,97.6036747,96.666867304,97.36961879,100.41263247599998,106.10862563999999,107.32136538,107.34853419999999,105.83515431999999,102.446203818
Node 2,507.71332698,495.85920846,490.90178638,489.19308294,490.61042325999995,497.90078389999996,514.6201222399999,539.35795588,553.68272572,552.45358016,550.15094144,542.8023164399999,531.11573944,518.5590137199999,508.75703785999997,500.01882521999994,495.21960708000006,498.81976844,514.40897778,543.5892706,549.80207676,549.9412612600001,542.1882906399999,524.8268638400001
Node 3,326.96738258,319.33333024,316.14075046000005,315.04034542,315.95311258,320.64810482,331.41535872,347.34652358,356.57167538000004,355.78010562000003,354.2972063,349.56469178,342.03853622,333.95200482,327.63953237999993,322.01212344,318.92142696,321.23993086,331.27938170000004,350.07149028,354.07253744,354.16217226,349.16925918000004,337.98850032
Node 4,507.71332698,495.85920846,490.90178638,489.19308294,490.61042325999995,497.90078389999996,514.6201222399999,539.35795588,553.68272572,552.45358016,550.15094144,542.8023164399999,531.11573944,518.5590137199999,508.75703785999997,500.01882521999994,495.21960708000006,498.81976844,514.40897778,543.5892706,549.80207676,549.9412612600001,542.1882906399999,524.8268638400001
Node 5,0.0,0.0,0.0,0.0,0.0,0.0,0.0,0.0,0.0,0.0,0.0,0.0,0.0,0.0,0.0,0.0,0.0,0.0,0.0,0.0,0.0,0.0,0.0,0.0
Node 6,0.0,0.0,0.0,0.0,0.0,0.0,0.0,0.0,0.0,0.0,0.0,0.0,0.0,0.0,0.0,0.0,0.0,0.0,0.0,0.0,0.0,0.0,0.0,0.0
Node 7,237.40675167999999,231.86376586,229.5456753,228.74668558,229.4094339,232.81840656,240.63636914,252.20378018000002,258.90204256000004,258.32729408,257.25058021999996,253.81436318000002,248.34971975999997,242.47819482,237.89479092000002,233.80880266,231.56468827999998,233.24812372000002,240.53763804,254.18234294000004,257.0874511,257.15253378,253.52724470000004,245.40904152000002
Node 8,530.0527133400001,517.67701358,512.5014649999999,510.7175786000001,512.1972819,519.8084183799999,537.26340762,563.0897059399999,578.0447656399999,576.7615376800001,574.35758288,566.6856183599999,554.48483198,541.37561032,531.14234754,522.01965354,517.0092698,520.76783824,537.0429728,567.50719852,573.9933681599999,574.13867678,566.04457544,547.91924586
Node 9,6.600273250400001,6.4461697098,6.381723223,6.3595100782000005,6.3779355024,6.472710190400001,6.690061588800001,7.011653426600001,7.1978754345999985,7.181896542,7.1519622388,7.056430113599999,6.904504612800001,6.741267178399999,6.613841492000001,6.5002447278,6.437854892199999,6.4846569897999995,6.687316710999999,7.066660518000001,7.147426998,7.149236396399999,7.048447777999999,6.8227492298
Node 10,0.0,0.0,0.0,0.0,0.0,0.0,0.0,0.0,0.0,0.0,0.0,0.0,0.0,0.0,0.0,0.0,0.0,0.0,0.0,0.0,0.0,0.0,0.0,0.0
Node 11,0.0,0.0,0.0,0.0,0.0,0.0,0.0,0.0,0.0,0.0,0.0,0.0,0.0,0.0,0.0,0.0,0.0,0.0,0.0,0.0,0.0,0.0,0.0,0.0
Node 12,8.6615893578,8.459358096199999,8.3747844758,8.3456339952,8.369813820800001,8.4941873728,8.779419285600001,9.2014467276,9.445827301,9.4248580774,9.385575060799999,9.260207518600001,9.0608345146,8.846616774400001,8.6793950662,8.5303211584,8.448446497199999,8.509865249399999,8.775817161,9.273632957,9.3796234298,9.3819979176,9.2497322384,8.9535462968
Node 13,0.0,0.0,0.0,0.0,0.0,0.0,0.0,0.0,0.0,0.0,0.0,0.0,0.0,0.0,0.0,0.0,0.0,0.0,0.0,0.0,0.0,0.0,0.0,0.0
Node 14,0.0,0.0,0.0,0.0,0.0,0.0,0.0,0.0,0.0,0.0,0.0,0.0,0.0,0.0,0.0,0.0,0.0,0.0,0.0,0.0,0.0,0.0,0.0,0.0
Node 15,324.93652926,317.34989340000004,314.1771433,313.08357308,313.99067088000004,318.6565017,329.35687823999996,345.18909176,354.35694444,353.57029131999997,352.09660252,347.39348252,339.91407326,331.87776879999996,325.60450424,320.01204814,316.94054853999995,319.2446518,329.22174578,347.89713322,351.87332912,351.96240722000005,347.00050602,335.88919283999996
Node 16,334.07536914,326.27535916,323.01337544,321.88904856,322.82165851999997,327.61871579999996,338.62004042,354.89753496,364.32323352000003,363.51445574,361.9993195,357.16392422,349.47415656000004,341.21183102,334.76213094,329.012387,325.85450146000005,328.22340764,338.48110738,357.68174008,361.76976651999996,361.8613499,356.75989524,345.3360764
Node 17,0.0,0.0,0.0,0.0,0.0,0.0,0.0,0.0,0.0,0.0,0.0,0.0,0.0,0.0,0.0,0.0,0.0,0.0,0.0,0.0,0.0,0.0,0.0,0.0
Node 18,160.43741134,156.69150987999998,155.12496452,154.58501424000002,155.03289376,157.33664770000001,162.61995861999998,170.43711403999998,174.96374132,174.57533131999998,173.84769748,171.52553198,167.83257365999998,163.86464836,160.76722396,158.00594877999998,156.48939586,157.62704682,162.55323697999998,171.77420952000003,173.73745626,173.78143856000003,171.33149984,165.84528896
Node 19,0.0,0.0,0.0,0.0,0.0,0.0,0.0,0.0,0.0,0.0,0.0,0.0,0.0,0.0,0.0,0.0,0.0,0.0,0.0,0.0,0.0,0.0,0.0,0.0
Node 20,690.49012466,674.36852348,667.6264295,665.3025928200001,667.23017566,677.14506608,699.88336624,733.52682,753.00850698,751.3368690200001,748.20528034,738.21115034,722.3174056600001,705.24025868,691.90957148,680.02560228,673.4986656599999,678.39488508,699.5962097400001,739.2814080600001,747.73082442,747.9201153199999,737.3760752599999,713.7645348
Node 21,278.22690316,271.73084624,269.01417896000004,268.07780946,268.85451192,272.84962956,282.011827,295.56815982,303.4181337,302.74456194000004,301.4827159,297.45566942,291.05142524,284.17033954,278.7988567599999,274.01031622,271.38034467999995,273.3532331,281.89611982,297.88692030000004,301.29153806,301.36781116000003,297.11918326000006,287.60512140000003
Node 22,0.0,0.0,0.0,0.0,0.0,0.0,0.0,0.0,0.0,0.0,0.0,0.0,0.0,0.0,0.0,0.0,0.0,0.0,0.0,0.0,0.0,0.0,0.0,0.0
Node 23,251.31809684,245.45030818,242.99638426,242.15057606,242.85215952,246.46088802,254.73696049999998,266.98218818000004,274.07294923999996,273.46452218,272.32471599999997,268.68714664,262.902291,256.6867118,251.83473371999997,247.50931847999996,245.13370552,246.91578536000003,254.632444,269.07668896,272.152028,272.22092432,268.38320383999996,259.78929758
Node 24,313.36066542000003,306.04430346,302.98458256000004,301.92997077999996,302.80475326,307.30436380000003,317.62353942,332.89173036,341.7329783,340.97434964,339.55316108,335.01758972,327.8046344,320.05462328,314.00484378,308.61161894,305.6495415,307.87156106000003,317.49322106,335.50329782,339.33784177999996,339.42374648,334.63861296,323.92314038
Node 25,227.45557048,222.14492538,219.92400028000003,219.15850116000001,219.79346959999998,223.05955118000003,230.54981476000003,241.63236424000002,248.0498611,247.49920391999999,246.46762178,243.17543773999995,237.93985128,232.31443814,227.92315296,224.00843368,221.85838398,223.47125625999996,230.45522204,243.52799324000003,246.31133038,246.37368505999999,242.90035419999998,235.12243497999998
Node 26,141.14430492,137.84885996,136.4706966,135.99567708,136.38969766,138.4164179,143.06439396000002,149.94151172000002,153.92379776,153.58209530000002,152.94196174,150.89904396000003,147.65017554,144.15940582000002,141.43445652000003,139.00523342000002,137.67105078000003,138.67189562000002,143.00569581999997,151.11781724,152.84497734,152.88367062,150.7283448,145.90186813999998
Node 27,285.33488974,278.67287516,275.88680394,274.9265126,275.72305788000006,279.82024051999997,289.2165087,303.1191712,311.1696918399999,310.47891203999995,309.18482908,305.05490184,298.48704558,291.4301657,285.92145530000005,281.01057978,278.31341918,280.33670986000004,289.09784550000006,305.49717008000005,308.98876714,309.06698883999996,304.70981934,294.95269748
Node 28,209.17789067999996,204.29399388,202.25153600000004,201.5475502,202.13149438,205.13512293999997,212.02349036,222.21547784,228.11728302,227.61087502,226.66218786,223.63455438,218.81968464000002,213.64631363999996,209.60789960000002,206.00775598,204.03047812,205.51374459999997,211.93649884,223.9587795,226.51845562,226.57579965999997,223.38157575999998,216.22866792
Node 29,287.87345638,281.1521712,278.3413129,277.37247804,278.17611,282.30974446,291.78960930000005,305.81596098,313.93810548,313.24117994000005,311.93558378,307.76891342,301.14262428,294.02296076000005,288.46524046,283.51067392,280.78951722,282.83080872,291.66989040000004,308.21511644000003,311.73777752000007,311.81669518,307.42076082,297.5768318
Node 30,0.0,0.0,0.0,0.0,0.0,0.0,0.0,0.0,0.0,0.0,0.0,0.0,0.0,0.0,0.0,0.0,0.0,0.0,0.0,0.0,0.0,0.0,0.0,0.0
Node 31,9.3419252162,9.1238094352,9.0325928696,9.001152726399999,9.027231788,9.1613744234,9.4690102492,9.924186387999999,10.1877621536,10.1651458772,10.122777322200001,9.987562621999999,9.7725296066,9.541485852800001,9.3611294966,9.200346384600001,9.1120407706,9.178283738400001,9.4651251914,10.0020425812,10.1163582116,10.118919206000001,9.976264548,9.6568142944
Node 32,0.0,0.0,0.0,0.0,0.0,0.0,0.0,0.0,0.0,0.0,0.0,0.0,0.0,0.0,0.0,0.0,0.0,0.0,0.0,0.0,0.0,0.0,0.0,0.0
Node 33,0.0,0.0,0.0,0.0,0.0,0.0,0.0,0.0,0.0,0.0,0.0,0.0,0.0,0.0,0.0,0.0,0.0,0.0,0.0,0.0,0.0,0.0,0.0,0.0
Node 34,0.0,0.0,0.0,0.0,0.0,0.0,0.0,0.0,0.0,0.0,0.0,0.0,0.0,0.0,0.0,0.0,0.0,0.0,0.0,0.0,0.0,0.0,0.0,0.0
Node 35,0.0,0.0,0.0,0.0,0.0,0.0,0.0,0.0,0.0,0.0,0.0,0.0,0.0,0.0,0.0,0.0,0.0,0.0,0.0,0.0,0.0,0.0,0.0,0.0
Node 36,0.0,0.0,0.0,0.0,0.0,0.0,0.0,0.0,0.0,0.0,0.0,0.0,0.0,0.0,0.0,0.0,0.0,0.0,0.0,0.0,0.0,0.0,0.0,0.0
Node 37,0.0,0.0,0.0,0.0,0.0,0.0,0.0,0.0,0.0,0.0,0.0,0.0,0.0,0.0,0.0,0.0,0.0,0.0,0.0,0.0,0.0,0.0,0.0,0.0
Node 38,0.0,0.0,0.0,0.0,0.0,0.0,0.0,0.0,0.0,0.0,0.0,0.0,0.0,0.0,0.0,0.0,0.0,0.0,0.0,0.0,0.0,0.0,0.0,0.0
Node 39,1121.0310258000002,1094.8571322,1083.9111442,1080.138327,1083.2678146,1099.3649306,1136.2812302000002,1190.9023668000002,1222.5314586,1219.8175048,1214.7332787999999,1198.5075148,1172.7035524,1144.9783024,1123.3355396000002,1104.0415659999999,1093.4448926,1101.3940488,1135.8150228,1200.2451096,1213.9629856,1214.270305,1197.1517458,1158.8177156
